{"categorical_accuracy": [0.19920000433921814, 0.4918999969959259, 0.6335333585739136, 0.7388333082199097, 0.8213555812835693, 0.8777666687965393, 0.9130333065986633, 0.9312222003936768], "loss": [3.985167980194092, 2.098219156265259, 1.4316973686218262, 0.9693685173988342, 0.6377891302108765, 0.4261395037174225, 0.29680824279785156, 0.23104694485664368], "val_categorical_accuracy": [0.32659998536109924, 0.5236999988555908, 0.5403000116348267, 0.5468000173568726, 0.5335999727249146, 0.5425000190734863, 0.5360999703407288, 0.5304999947547913], "val_loss": [2.9120545387268066, 1.931717038154602, 1.9020472764968872, 1.927025556564331, 2.099998712539673, 2.203972578048706, 2.3818044662475586, 2.42594575881958]}