{"categorical_accuracy": [0.26616665720939636, 0.49807778000831604, 0.6033999919891357, 0.6929444670677185, 0.7718777656555176, 0.840666651725769, 0.8902778029441833, 0.9155222177505493], "loss": [3.299711227416992, 2.0350513458251953, 1.53762948513031, 1.1465752124786377, 0.8138603568077087, 0.5458387136459351, 0.36572015285491943, 0.27089208364486694], "val_categorical_accuracy": [0.42089998722076416, 0.4878999888896942, 0.5202999711036682, 0.5335999727249146, 0.5325000286102295, 0.5248000025749207, 0.5318999886512756, 0.5300999879837036], "val_loss": [2.4184091091156006, 2.0717074871063232, 1.9422528743743896, 2.0121307373046875, 2.1069388389587402, 2.3896703720092773, 2.4644834995269775, 2.969409227371216]}