{"categorical_accuracy": [0.013344444334506989, 0.049444444477558136, 0.11185555905103683, 0.16164444386959076, 0.21194444596767426, 0.2526777684688568, 0.29338890314102173, 0.3334333300590515, 0.3700222074985504, 0.4131777882575989, 0.46034443378448486, 0.5081555843353271, 0.5647666454315186, 0.627133309841156, 0.6948888897895813, 0.7577333450317383], "loss": [5.129284858703613, 4.696630001068115, 4.123306751251221, 3.7652459144592285, 3.4639034271240234, 3.2211239337921143, 2.9886744022369385, 2.785581111907959, 2.5888915061950684, 2.369804620742798, 2.151027202606201, 1.9170472621917725, 1.6559560298919678, 1.3801110982894897, 1.1013517379760742, 0.8479821085929871], "val_categorical_accuracy": [0.023399999365210533, 0.08250000327825546, 0.14259999990463257, 0.17870000004768372, 0.2102999985218048, 0.24410000443458557, 0.2515999972820282, 0.26910001039505005, 0.27320000529289246, 0.29089999198913574, 0.28679999709129333, 0.2912999987602234, 0.2897999882698059, 0.2870999872684479, 0.28610000014305115, 0.2782000005245209], "val_loss": [4.952132225036621, 4.396788120269775, 3.935605764389038, 3.68672776222229, 3.4849655628204346, 3.3080713748931885, 3.2409543991088867, 3.1789450645446777, 3.184358596801758, 3.1336510181427, 3.2098772525787354, 3.2637815475463867, 3.484112024307251, 3.6283183097839355, 4.124772071838379, 4.439570903778076]}