{"categorical_accuracy": [0.2534555494785309, 0.41732221841812134, 0.4640222191810608, 0.49354445934295654, 0.5164666771888733, 0.536811113357544, 0.5526555776596069, 0.5689333081245422, 0.5816888809204102, 0.5950888991355896, 0.607866644859314, 0.6193333268165588, 0.6297777891159058, 0.6404666900634766, 0.6523777842521667, 0.6612889170646667, 0.670722246170044, 0.6827777624130249], "loss": [3.5976054668426514, 2.4948947429656982, 2.24603009223938, 2.096282720565796, 1.986413598060608, 1.8970524072647095, 1.8207932710647583, 1.7532299757003784, 1.6918540000915527, 1.6368309259414673, 1.5837278366088867, 1.5350444316864014, 1.4896925687789917, 1.4467049837112427, 1.4050540924072266, 1.366933822631836, 1.32877516746521, 1.290784478187561], "val_categorical_accuracy": [0.3734999895095825, 0.41510000824928284, 0.43939998745918274, 0.44920000433921814, 0.45809999108314514, 0.46059998869895935, 0.4643000066280365, 0.4713999927043915, 0.47119998931884766, 0.46939998865127563, 0.4756999909877777, 0.47530001401901245, 0.4763999879360199, 0.48030000925064087, 0.4772000014781952, 0.4763000011444092, 0.4747999906539917, 0.4708999991416931], "val_loss": [2.7293124198913574, 2.446192502975464, 2.334785223007202, 2.2735633850097656, 2.2393901348114014, 2.20963716506958, 2.1969125270843506, 2.1784043312072754, 2.1690053939819336, 2.1707170009613037, 2.161038398742676, 2.1672205924987793, 2.166261911392212, 2.171938180923462, 2.1751978397369385, 2.1813764572143555, 2.1920018196105957, 2.1987392902374268]}